,sentence,preds,real
21,"(1962) , an ophthalmologist, successfully treated a herpes eye infection with an antineoplastic drug, Idoxuridine",0.0017340898,0
31,(1991) have recently demonstrated by administering testosterone to castrated stallions that the persistence of EAV in chronically infected stallions is mediated either directly or indirectly by testosterone and consequently dependent on the presence of the testes,0.002538603,0
43,(2002) have used a highly neurovirulent recombinant R404BP strain of influenza A (H1N1) virus to test amantadine therapy in mice,0.001942546,0
48,(2004) also evaluated lopinavir/ritonavir treatment compared with historic controls; all patients were also treated with ribavirin and steroids,0.0017334322,0
65,(2012) reported that additive long-acting muscarinic antagonist (LAMA) therapy with tiotropium (known as a cornerstone of COPD treatment) significantly increased the time to the first exacerbation and improved FEV 1.0 in poorly controlled asthmatic patients with standard therapy (ICS and LABA),0.0050458214,0
67,(2014) compared the efficacy of vaginally administered probiotic vaginal tampons with oral metronidazole for the treatment of BV,0.0017704893,0
77,"(63) Recently, a study of a new cephalosporin, ceftaroline, demonstrated the superiority of ceftriaxone over ceftriaxone for the treatment of pneumococcal pneumonia",0.00221304,0
85,"(a) Bed rest, supporting treatment, and monitoring vital signs; (b) Routine laboratory tests for blood and urine, C-reactive protein, serum biochemical indexes, and coagulation function; (c) Antiviral therapies with atomized inhalation of αinterferon and lopinavir or ritonavir in suitable patients; (d) Avoid inappropriate and blind administration of antibiotics, especially broad-spectrum antibiotics",0.017550759,0
136,[1] We hypothesized that a dose of norepinephrine administered in the first 24 hours correlates with the outcome of treatment in patients with severe sepsis and septic shock,0.0017517697,0
155,"[16] [17] [18] [19] When administered to human beings, α-melanocyte-stimulating hormone is a much more potent antipyretic than acetaminophen",0.0019284666,0
188,"[4, 5] In addition, decolonization of N meningitidis with a single dose of ciprofloxacin will be administered at the ports of entry for pilgrims coming from the African meningitis belt",0.0021999634,0
264,• Administer acepromazine (0.02 mg/kg IM q8h) for its vasodilatory properties,0.0016691478,0
469,• Severe cases need to be managed with acetazolamide (2 mg/kg PO q12h) and/or phenytoin (2.8 to 10 mg/kg PO q12h),0.0021348463,0
684,"115 In the wake of consumer demand, pharmaceutical companies have increasingly begun to focus on lucrative life style drugs, such as remedies for impotence (Pfizer's Viagra), baldness (Merck's Propecia), weight reduction (Abbott's Meridia), and facial wrinkles (Allergan's Botox)",0.0031528191,0
872,"161 Many agents have been used to treat BPH including estrogenic compounds (estradiol cypionate, diethylstilbestrol) and synthetic progestins (megestrol acetate, medroxyprogesterone)",0.002407622,0
896,"17 Exposure to various therapeutic agents (antibiotics, acetaminophen, and bronchodilators) during the week before admission appeared to have a ""protective"" association against apnea in unadjusted analyses",0.0021274125,0
953,"187 A group of researchers studied the use of adrenocorticotropic hormone (ACTH) in rabbits to prevent corticosteroid-induced osteonecrosis and found that if ACTH is administered along with depot methylprednisolone acetate (Depo-Medrol), osteonecrosis is reduced",0.0035185432,0
981,"19 These are * Actimmune (IFN-g1b), launched for the treatment of infections in patients with chronic granulomatous disease * Alteplase (recombinant tissue plasminogen activator, marketed in the US in 1987 for the treatment of acute myocardial infarction, in 1990 for use in the treatment of acute pulmonary embolism, and in June 1996 for the treatment of acute ischemic stroke within 3 h of symptom onset) * Bevacizumab (intravenously administered antivascular endothelial growth factor monoclonal antibody), an antiangiogenesis therapy for the treatment of colorectal cancer * Dornase alfa, a DNase which has been developed and launched for the treatment of cystic fibrosis * Efalizumab, a humanized anti-CD11a monoclonal antibody as a once-weekly subcutaneous formulation, for the treatment of moderate-to-severe plaque psoriasis * Kogenate, a recombinant human factor VIII preparation used for treating hemophiliacs * Omalizumab, an anti-IgE humanized monoclonal antibody for the treatment of asthma * Recombinant somatotropin, first launched in 1987 for the treatment of growth hormone deficiency in children, children with chronic renal insufficiency, and children with short stature associated with Turner's syndrome * Tenecteplase, an injectable, slower-clearing, fibrin-specific tissue plasminogen activator for the treatment of myocardial infarction, first launched in the US in June 2000 and in 2001 in the EU * Trastuzumab, a humanized version of the anti-HER-2/neu monoclonal antibody, 4D5, and marketed for the treatment of metastatic breast cancer since 1998 * Roferon-A, a recombinant interferon-a 2a that has been developed and used for the treatment of various lymphomas, leukemias, and other neoplasms, and for the treatment of chronic hepatitis B and C virus (HBV and HCV) infections * Ituximab, a mouse/human chimeric anti-CD20 monoclonal antibody, used for the treatment of B-cell nonHodgkin's lymphoma, including relapsed, refractory low-grade, or follicular lymphomas The Role of Small-or Medium-Sized Enterprises in Drug Discovery * Erlotinib (1), a small-molecule, orally active epidermal growth factor receptor tyrosine kinase inhibitor (discovered by but relinquished by Pfizer after the merger with Warner-Lambert), for the treatment of nonsmall-cell lung cancer.",0.24918394,0
1355,"31 tiofur (10 mg/kg, IV, q 12 h) and amikacin (21 mg/kg, IV,  q 24 h) were administered to provide broad-spectrum antimicrobial coverage with potent Gram-negative efficacy",0.0021707295,0
1432,"36, 37 Ivermectin is effective in treating Strongyloides westeri infestations",0.001648235,0
1506,"40 We have no direct action antiviral treatment or any treatment that may limit its transmission; fever can be treated with acetaminophen to start with, and NSAIDs can be reserved for patients with joint involvement, provided dengue had been ruled out, otherwise the risk of bleeding may be enhanced.",0.9727083,0
1641,"5 For contraception in females, melengestrol acetate (2-3 mg/kg/ day) administered in the feed, or the progesterone-derivative medroxyprogesterone acetate (Depo-Provera, Pfizer Animal Health), (450-800 mg/female, every 6 weeks) have been the traditional pharmaceutical means of contraception; however, the gonadotropinreleasing hormone (GnRH) agonist deslorelin (Suprelorin, Peptech Animal Health/Virbac) administered as implants has recently proven to be superior and effective for more than a year",0.035186734,0
1694,"52 At the moment, the effects of other environmental exposures on the development of asthma remain controversial with respect to planning interventions, including the use of acetaminophen to treat fevers in young children, early childhood vaccines, and exposure to parasitic infections",0.0025004072,0
1695,"52 At the moment, the effects of other environmental exposures on the development of asthma remain controversial with respect to planning interventions, including the use of acetaminophen to treat fevers of young children, early childhood vaccines, and exposure to parasitic infections",0.0027426013,0
1730,54 Interstitial pneumonia also was described with some frequency in feedlot heifers fed melengestrol acetate to suppress estrus,0.00166037,1
1824,"60, 61 When present, anterior uveitis should be treated with a topical GC, such as 1 per cent prednisolone acetate, and atropine",0.001933671,0
1856,"63 Sofosbuvir is the first NS5B NPI available in the United States and has become the backbone of HCV therapy given its high barrier to resistance, pangenotypic activity, and favorable pharmacologic profile",0.0022537422,0
1961,"72 On the other hand, abciximab (ReoPro), a chimeric Fab fragment of a monoclonal antibody with high affinity for the GP IIb/IIIa receptor, was found to suppress the usual rise in levels of circulating infl ammatory markers following percutaneous transluminal coronary angioplasty",0.0037520295,0
2020,"8 According to the findings in our study, we recommend that moderate doses of oral prednisolone supplemented with oral acetaminophen be considered as first-line therapy in the treatment of acute gout.",0.0019242376,0
2133,"94, 95 One individual who survived without post-exposure prophylaxis did so after the administration of an aggressive combination of medical treatments including the induction of a therapeutic coma, combined with ribavirin, ketamine, and amantadine treatment",0.97762513,0
2136,"95, 96, 99 Acetate, propionate, and butyrate inhibit the growth of Salmonella, even in concentrations as low as 20 mmol/L 95,96 that are frequently found in ORT solutions administered to diarrheic calves",0.0031109361,0
2160,"A 1993 parallel-group study found evidence of suppressed short-term lower-leg growth, as measured by knemometry, with BUD (200 μg BID) or intramuscular methylprednisolone acetate (60 mg QD) when compared to terfenadine tablets (60 mg QD) in 44 children (aged 6-15 years) with AR",0.0062856656,1
2182,A blood sample for PCR was obtained prior to oxytetracycline therapy,0.001549968,0
2514,A statistical analysis to predict persistence of canine sinonasal aspergillosis at endoscopic follow-up by comparing three different scoring systems: a retrospective study of 47 cases treated with one hour 1% clotrimazole per-endoscopic infusion and undergoing endoscopic follow-up The aim of this study was to investigate three different scoring system for Canine Sinonasal Aspergillosis (CSA) in order to predict whether they can indicate persistence of CSA at endoscopic follow-up.,0.02027368,0
2573,A total of nine dogs (33%) were treated concurrently with terbinafine,0.0015572195,0
2639,Abraxane ® is another commercially successful product for the targeted cancer therapy,0.0016430761,0
2641,Acarbose may be used in diabetic animals whose glucose concentration is poorly controlled despite insulin therapy and dietary modification,0.0017696037,0
2703,"Acetaminophen also was prescribed more frequently for cases than controls, particularly when taken for at least 3 consecutive days (Table III) .",0.001535891,0
2706,"Acetaminophen, ketorolac, levofloxacin and normal saline were administered.",0.0016186247,0
2788,"Addition of tocilizumab (IL-6R blockade) or abatacept (CTLA4-Ig, which blocks CD80/CD86-mediated co-stimulation), both of which are biologic drugs routinely used in the clinic to treat rheumatoid arthritis, did not increase IL-10 + frequencies in CD4 + T cells, IL-17 + , IFNγ + , or TNFα + CD4 + T cell subpopulations (Figure 4B) ",0.9819474,0
2847,"Adenomatous polyps have also been reported in the pyloric antrum of C57Bl/ 10J mice treated for 52 weeks with the synthetic progestin, cyproterone acetate (Tucker et al., 1996) ",0.002318864,1
2866,"Adjuvant drugs to enhance analgesic efficacy, treat concurrent symptoms that exacerbate pain, and provide independent analgesic activity for specific types of pain may be used at any step: ■ Step 1, for mild to moderate pain, involves the use of paracetamol/ acetaminophen, aspirin, or another NSAID ■ Step 2, when pain persists or increases, advises that an opioid such as codeine or hydrocodone should be added (not substituted) to the analgesic regimen",0.9302191,0
2878,"Administer acepromazine (0.02 to 0.05 mg/kg IV) or chlorpromazine (0.2 to 0.5 mg/kg IM q8h, 0.05 mg/ kg IV q4h) to control agitation",0.002605862,0
3012,"Administer the anxiolytic tranquilizer acepromazine (0.02 to 0.05 mg/kg IV, IM, SQ) to decrease patient anxiety",0.001872537,0
3013,"Administer the anxiolytic tranquilizer acepromazine (0.02-0.05 mg/kg IV, IM, SQ) to decrease patient anxiety",0.0018616617,0
3342,"Aims: To investigate the expression of P2X7R, IL-1beta and ectoapyrase CD39 on peripheral blood monocytes of MS patients and to see whether Glatiramer Acetate (GA) therapeutic effects in MS may be possibly mediated by mechanisms interfering with the ATP/P2X7R interaction and hence with the induction of IL-1beta or with the ATP activity modulating CD39",0.008810842,0
3565,"All three cats were administered two doses of methylprednisolone acetate intramuscularly (10 mg/kg, Depo-Medrol, Pfizer AG, Zurich, Switzerland) in an attempt to immunocompromise the cats; Cats X and Y were injected 16 and 9 days prior to CMt inoculation, Cat Z was injected 8 and 1 days prior to CMt inoculation",0.020235563,1
3623,"Also, α-MSH has significant antipyretic effects, being more effective in controlling fever than acetaminophen when administered to human beings",0.0018848582,0
3671,"Alternative treatment options involve disease-modifying therapies such as, interferons, glatiramer acetate, monoclonal antibodies and sphingosine-1-phosphate receptor modulators (Table 1, Figure 2 )",0.0020785707,0
3692,"Although a major antiviral agent in the treatment of HCV infection, ribavirin has been used to treat many other viral infections (most notably, viral hemorrhagic fevers) with multiple proposed effects on virus replication and propagation",0.0021795377,0
3731,"Although currently available therapies include interferon variants, the approval of lamivudine in 1998 as the first nucleoside analogue effective on HBV infection was a significant advance",0.0017265019,0
3780,"Although itraconazole has previously been the drug of choice to treat DA, our findings show that combination therapy with terbinafine or newer anti-fungal treatment improves survival times",0.0020547581,0
3795,"Although many studies suggest systemic suppression of immunity takes place, which is mainly related to progesterone, this has not been proven",0.9689633,1
3918,"Although ribavirin has been used to treat CCHF, its efficacy and utility in clinical settings remain under debate, and no licensed vaccines or alternative therapeutic options are available to prevent disease or treat patients",0.97687405,0
4136,An antipyretic medication such as acetaminophen can then be administered,0.0015824686,0
4341,"Antibiotics (ampicillin, tetracycline and sulfa drugs) are available to treat COPD exacerbations in the tropics.",0.0019164298,0
4372,"Antibiotics were administered subcutaneously 2 h post-middle ear inoculation, and continued t.i.d for 24 h, with or without acetaminophen (AP), at 50 mg/kg, administered 30 min before each antibiotic dose",0.97878224,0
4377,"Antibody independent clearance of A-beta in a mouse model of Alzheimer's disease by activation of microglia via nasal vaccination Methods: Age-and sex-matched littermates (APP-J20 mice) received a weekly nasal treatment with Protollin (a proteosome-based adjuvant used in human influenza vaccination) 1 μg/treatment, plus glatiramer acetate (GA, an approved drug for MS) 25 μg/treatment, beginning at age 5 months and were treated for 8 months",0.011244927,0
4451,Antipyretics such as acetaminophen may be administered,0.0016900579,0
4533,"Application of parasiticides was not always recorded; 6/29 dogs (21%) did not receive regular treatment, 7/29 were treated regularly with isoxazoline systemic products (24%), 2/29 with fipronil-based spot-ons (7%) and 2/29 (7%) with collars (one flumethrin-based and one unrecorded brand).",0.984576,0
4547,"Approved MS therapeutics such as IFN-b and glatiramer acetate, and currently evaluated alemtuzumab potentiate the anti-inflammatory function of Treg cells in EAE and MS [98, 99] .",0.0021549454,0
4756,"As zinc salts (zinc acetate) are already used as therapeutics in humans, they could represent a promising drug for treatment of other viral infections.",0.0017623721,0
4770,Aspirin and acetaminophen suppress sero-neutralizing antibody response (p < 0.05) and are associated with increased nasal symptoms and signs,0.0016488102,1
4772,Aspirin and acetaminophen suppress the serum antibody response but increase nasal symptoms and signs,0.0015451419,1
4948,"At the University of California, Davis, from 1987 to 2002, 41 out of 44 foals (93%) with meconium impactions were successfully treated medically with acetylcysteine enemas",0.001933016,0
5378,"Both Polygonum multiflorum and Polygonum multiflorum Praeparata extracts (water-extracted, 15 g/kg/day, p.o., for 8 days) can be used to treat the hepatic lipid accumulation caused by prednisone acetate-, carbon tetrachloride-or thioacetamide-induced liver damage in mice (Liu et al., 1992) ",0.006857413,1
5409,"Briefly, female C57BL/6 mice were treated with 3 mg/ mouse of medroxyprogesterone acetate via subcutaneous injection",0.0017283749,0
5702,"Ceftiofur is also a good choice, and potentiated sulfonamides can be used for long-term therapy",0.0016764499,0
5790,Cells were transfected with and without pCMV-Sp1 or pCMV-Egr-1 for 48 hours and then treated with 100 ng/ml tetradecanoyl phorbol acetate (TPA) for 90 min except for the experiment in Fig,0.9804072,0
5849,Chemical means to treat POA can be by megestrol acetate which has been used to delay oestrus but there may be a risk of pyometra,0.0019266696,0
5893,Children aged 2-59 months with severe pneumonia should be treated with parenteral ampicillin (or penicillin) and gentamicin as a first-line treatment,0.0017773769,0
6100,"Clinically, immunomodulatory drugs, such as IFN-β, glatiramer acetate, and anti-very late antigen-4 antibody (Tysabri ® (natalizumab)), have been shown to suppress the disease activity of RRMS patients ",0.0028463844,0
6283,Combination therapy with tetracycline and folate seems to be most effective in symptom resolution and cure of diarrhea with promotion of weight gain,0.0020137643,0
6350,"Comparison of different monitoring methods in dogs with hypercortisolism treated with trilostane Over the last years, many different studies investigated possible alternative methods with conflicting results",0.001964925,0
6381,"Compounds such as sulfonylureas [4] , acarbose [5] , biguanides, thiazolidinediones [5] , and sitagliptin [3] have been used as effective drugs for diabetic therapy",0.0021155798,0
6418,"Conclusion: Patient knowledge of analgesic medications that contain acetaminophen and the maximum recommended daily dose is limited, which suggests the potential for errors in medication dosing when medications containing acetaminophen are prescribed for ED patients",0.003123974,0
6594,"Crystallized preparation of CS (Cs-Cr) could cause significant elevation of T helper cells and Lyt-1/Lyt-2 (T helper to T suppressor cell) ratio both in peripheral blood and the treated mice spleen and also could provide protection against immunosuppressive effects of prednisolone acetate and cyclophosphamide to T helper cells (Chen, Chen, Sun, Hsieh, & Henshall, 1991) ",0.016909903,1
6757,"CV Therapeutics, under license from Roche, is also developing ranolazine, a metabolic modulator and a partial fatty acid oxidation inhibitor, for the potential treatment of angina and acute coronary syndromes",0.0020708663,0
6951,"Determination of cholinesterase isozyme specificity (AChE versus butrylcholinesterase) and effects on amyloid-β aggregation for the sesquiterpene acetate [21, 22] , pyrrole derivative, PZT-compound, plastoquinones, and farnesylacetones classes of MM described in this article would provide an additional guide to development of novel compounds as therapies for Alzheimer's disease.",0.0102048535,0
7375,Effect of acetate Ringer ' s solution with or without 5% dextrose administered intravenously to diarrheic calves,0.9707291,0
7533,"Epidemiologic evidence suggests 3-methylindole, melengestrol acetate (fed to feedlot heifers to suppress estrus), high-energy diets, dusty environment, hot weather, and concurrent bacterial infection as possible causes or contributing factors",0.002384778,1
7583,"Estrus may be suppressed in beef heifers in a feedlot setting by the feeding of melengestrol acetate, a synthetic progestogen.",0.0017504442,0
7698,"Extrapulmonary infection is rare but has been associated with the use of prophylactic aerosolized pentamidine, which suppresses pulmonary disease but might allow for dissemination of the organism",0.0020316578,1
7780,Fever during pregnancy should be treated with acetaminophen due to the risk to the fetus,0.0016448096,0
7973,Flu-like symptoms can be treated with acetaminophen 500-1000 mg or ibuprofen 200-400 mg 30 minutes before IFN β-1a injection.,0.0018349565,0
8023,"Foals with Tyzzer's disease may be treated with any of a number of antimicrobials as the agent appears very susceptible to penicillin, gentamicin, tetracycline, and metronidazole.",0.0026651514,0
8034,"Following diagnosis, patients enter the DOTS program which prescribes short-course chemotherapy (SCC) comprising 2 months of isoniazid (H), rifampicin (R), pyrazinamide (Z) plus streptomycin (S) or ethambutol (E) followed by 4 months of H and R",0.004160412,0
8363,"For many years, the only approved therapies were combinations of interferon and ribavirin",0.0016237113,0
8713,"Further small doses of opioid analgesics (codeine, morphine, fentanyl) or acepromazine may be administered to maintain pain relief and limit anxiety and stress",0.0018817042,0
8856,"Gilead has several antiinfectious products on the market: * Emtricitabine, a nucleoside analog licensed from Emory University that is structurally related to 3TC for the treatment of HIV infection * Cidofovir, a specific nucleotide inhibitor of viral replication, which was launched in an injectable formulation in 1996 * Oseltamivir (Tamiflu: 5), a neuraminidase inhibitor, for the treatment and prevention of influenza virus type A or B infections * Tenofovir disoproxil fumarate (6), an oral prodrug of the intravenously administered antiviral agent tenofovir used for the treatment and prophylaxis of HIV infection * AmBisome, a liposomal formulation of amphotericin B, jointly developed by NeXstar and Lyphomed, marketed for systemic fungal infections and in the US for cancer and acquired immunodeficiency syndrome (AIDS) patients with blood-borne fungal infections * Adefovir dipivoxil, an analog of the reverse transcriptase inhibitor adefovir for the treatment of HBV infection",0.18084471,0
8903,Glatiramer acetate (Copaxone) therapy induces an oligoclonal CD8+ T cell response with cytotoxic ability R,0.0016609692,1
8904,"Glatiramer acetate (Copaxone) therapy restores regulatory, cytotoxic, HLA-E-restricted CD8 + T cells in multiple sclerosis One of the goals of successful therapeutic immune modulation of autoimmune disease is the induction of peripheral tolerance, a large part of which is mediated by regulatory/suppressor T cells",0.0031573842,0
8906,"Glatiramer acetate (GA, Copaxone) is an immunomodulatory MS therapy that is believed to mediate its effects through Th1 to Th2 immune deviation",0.0018143109,0
8909,Glatiramer acetate (GA; Copolymer-1; Copaxone ) is an FDA approved therapy for the treatment of RRMS,0.0016898223,0
8910,Glatiramer acetate (GA) therapy in multiple sclerosis (MS) is considered to lead to systemic alterations in circulating monocytes,0.0017519755,0
8912,Glatiramer acetate mediated immune modulation is driven by antigen presenting cells and is not T cell antigen specific Background: GA exerts therapeutic benefit in multiple sclerosis presumably by induction of GA-specific Th2-cells,0.97352624,0
8932,"Glucocorticoids with high mineralocorticoid activity, such as isoflupredone acetate used to treat ketosis, are a recognized cause of hypokalemic myopathy in cattle",0.0020728132,0
9144,"He was prescribed ribostamycin, acetaminophen, afloqualone, rebamipide, and streptokinase; however, the fever and myalgia persisted",0.0018853076,0
9209,"He was treated with levofloxacin 500 mg/day, ciprofloxacin eye drops, acetaminophen, and guaifenesin",0.0018242655,0
9213,"He was treated with orally administered levofloxacin 500 mg/day, ciprofloxacin eye drops, acetaminophen, and guaifenesin",0.0018638275,0
9236,"Heat cycle control with megestrol acetate (MA, 5 mg/cat PO every other week, in irregular intervals) was last administered 2 months earlier",0.0017107193,0
9258,"Hematomas, bruising, and soreness can usually be treated with compresses and acetaminophen",0.001645494,0
9335,"Hexane, ethyl acetate and methanol extracts of Polygonum multiflorum (100 mg/kg) were administered i.p",0.0017449387,0
9428,"Horse W was ultimately diagnosed with enterolithiasis and Horse F was treated with broad-spectrum antimicrobials throughout the study period (Penicilin G Potassium 22,000 IU/kg intravenously every 6 hours, Pfizerpen, Pfizer, New York, NY; Enrofloxacin 7.5 mg/kg intravenously every 24 hours, Baytril 100, Bayer, Shawnee KS) beginning 4 hours prior to first sampling and FMT",0.05720315,0
9603,Hp seems to be the best parameter to monitor trilostane therapy.,0.0016617624,0
9640,"Human chorionic gonadotropin (100 IU) Medroxyprogesterone (15 mg) Proligestone (40 mg) Gonadotropin-releasing hormone (GnRH; 20 mg/kg) Long-term depot GnRH agonists (4.7 mg deslorelin acetate [Suprelorin, Virbac]) Hyperestrogenism from adrenal hyperplasia or neoplasia Current therapies for adrenal disease in ferrets include medical and/or surgical treatment",0.009639692,0
9647,"Human volunteers challenged with RV showed increased nasal symptoms and a suppressed serum neutralizing antibody response when treated with aspirin or acetaminophen, suggesting a protective role for COX products in reducing symptoms and promoting an antibody response [153] ",0.0019206154,1
9664,Hydrocortisone was administered intravenously (50 mg) as well as oral acetaminophen and normal saline hydration,0.0016698891,0
9845,"If o-penicillamine is not tolerated, another copper chelator, 2,3,2-trientine, administered at 10 to 15 mg/kg orally one to two times daily or zinc acetate administered at 50 to 200 mg orally once a day, decreases intestinal absorption of copper and may be used",0.982027,0
9881,"If systemic blood pressure does not normalize in the face of a maximum or high CVP (>10 cm H 2 O), dobutamine should be administered as a β-agonist inotrope (2 to 20 μg/kg/ minute)",0.98370945,0
10004,"Immunized rats were administered either 1 mg/kg abatacept or a control human IgG IP on days -1, 0, 2, 4, 6, 8 and 10 ",0.0018781627,0
10105,"In a few patients anemia may respond to folic acid, vitamin B12 or testosterone, but in most it is refractory and must be managed by transfusion.",0.0020621223,0
10304,"In addition, 50 mg of flunixin meglumine was given intravenously and a DSS and water enema was administered",0.0018541173,0
10405,"In all cases, although therapeutic interventions consisting mainly of antibiotics, antidiarrheal drugs and vermicides administered when the diarrhea was observed had no therapeutic effect, the administration of dexamethasone (3−5 mg/head mixed with ampicillin and administered by intramuscular injection daily for 3 days) temporarily improved the fecal characteristics for a period of several days",0.98298335,0
10421,"In all the dogs treated only with Prednisolone, despite the clinical improvement, there were constant relapses",0.0019389365,0
10526,"In certain reports, the inhibition of NF-κB shows anti-HCV activity: for example, the Acacia confusa (61) and San-Huang-Xie-Xin-Tang extracts (62) suppress HCV replication associated with NF-κB inhibition",0.0037456288,0
10528,"In children, the convalescent phase can be associated with Reye syndrome (microvesicular steatosis, hyperammonemia, coagulopathy, and cerebral edema), particularly if aspirin has been administered",0.0020022287,1
10586,"In contrast to many STDs, however, these ectoparasites can be easily treated with topical medications such as lindane or permethrin",0.0019503336,0
10712,"In humans with diabetes mellitus (DM), adding a glucagon-like peptide-1 (GLP-1) analogue to the conventional therapy results in significant reduction in GV",0.001755826,0
10898,"In particular, immune-modulatory therapies, such as IFN-β, glatiramer acetate or teriflunomide, could impact the low circulating level of Tα1 and/or Tβ4 in MS patients",0.0023040178,0
11005,"In severe pneumonia in hospitalized children, the policy in low-income countries is to first give benzylpenicillin injections, changing the therapy to oral amoxicillin when the child responds",0.0019071492,0
11027,"In subjects with fever or pain, acetaminophen therapy was permitted",0.0015019615,0
11066,"In summary, veterinarians need only four types of intravenous solutions for treating calves: acetated Ringer's, isotonic sodium bicarbonate, hypertonic saline, and dextrose solution",0.0022536565,0
11153,"In the fall of 2011, by monitoring the increase in the number of combination cold medications (active ingredients: salicylamide, acetaminophen, anhydrous caffeine, and promethazine methylene disalicylate) prescribed since 2009, the prescription surveillance system detected an increase in the number of patients with symptoms of upper respiratory tract infections",0.004006018,0
11204,"In the past, injection of cortisone to suppress the immune system was recommended",0.0016414695,0
11289,"In these two studies, commonly-used drug compounds, Acetaminophen (Rat2) and 1,4-dichlorobenzene (Rat3) respectively, were administered for 6, 24, or 48 consecutive hrs at different dose concentrations to evaluate the levels of acute toxicity of in vivo animals",0.0031515532,1
11291,"In this book, we intend to provide an overview of these different therapeutic nanoparticles, the challenges Examples of nanoparticulate carriers targeted to the lung (modifi ed from [107] [108] [109] Amphotericin B Phospholipid and apolipoprotein Lung infection [114] Amiloride hydrochloride Liposome Cystic fi brosis [108] Secretory leukocyte protease inhibitor Liposome Cystic fi brosis [115] Interleukin-4 antisense oligodeoxynucleotides Polymeric nanoparticle Asthma [116] Vasoactive intestinal peptide Protamine nanoparticle Asthma [117] Indomethacin, ketoprofen Solid Lipid nanoparticles Asthma [108] Antisense oligonucleotide 2'-O-methyl-RNA PLGA nanoparticles Lung cancer [118] Leuprolide Liposome Lung cancer [108] HLA-A*0201-restricted T-cell epitopes from Mycobacterium tuberculosis Chitosan nanoparticles Tuberculosis [119] V1Jns plasmid encoding antigen 85B from M",0.27261323,0
11503,"Indeed, we found synergy between MTA and Glatiramer acetate, since suboptimal dosage combination of both drugs efficiently suppressed the disease",0.0017528023,0
11536,"Infants with apnea were significantly less likely to have been exposed to several therapeutic agents (antibiotics, acetaminophen, and bronchodilators) during the week before admission and were less likely to have attended day care (Table 1) ",0.0024818375,0
11832,Intravenous Ringer acetate was administered at 20 mL kg À1 hour À1 during anaesthesia,0.00166553,0
11985,It is demonstrated that glucorticoids at clinical dosages (5 mg/kg body weight of methylprednisolone acetate administered intramuscularly weekly) for 4 weeks did not induce oocysts shedding in cats recently or chronically experimentally infected with T gondii,0.9829915,0
11996,It is interesting to note that this study demonstrated a differential effect of treating the OLN-93 cells with two drugs prescribed as therapy for multiple sclerosis: a glucocorticoid (inhibited nitric oxide production) and Glatiramer Acetate (no effect on nitric oxide production) [12] .,0.6722746,0
12020,It is preferable to treat most patients with penicillin or amoxicillin whenever symptomatic GAS pharyngitis occurs,0.015800245,0
12267,Ledbetter and colleagues 15 also administered topical ocular prednisolone acetate or a placebo to mature dogs experimentally inoculated with CHV via the ocular route and previously tested for reactivatable latency by systemic administration of an immunosuppressive dose of corticosteroids,0.0034111058,0
12304,"Like condyloma acuminatum, however, MC can be treated with cytodestructive therapy, surgery, or imiquimod.",0.0018882962,0
12314,"Like the spontaneous condition, these changes were characterized by thickening of the mucosa by hyperplasia of the foveolar and neck regions, and downward proliferation of glandular elements into gastric glands.^^^ Similar glandular hyperplasia in the mouse stomach alongside neuroendocrine alterations has been associated with histamine H2 blockade with the agent ioxtidine.^^^ Adenomatous polyps have also been reported in the pyloric antrum of C57B1/10J mice treated for 52 weeks with the synthetic progestin, cyproterone acetate.^^^ These were single, pedunculated and well-differentiated lesions showing little evidence of dysplasia",0.0418688,1
12459,"Macaques were infected with 7 × 10 6 TCID 50 of MERS-CoV and, 8 h after infection, they were treated with substantial amounts of subcutaneous IFN-␣2b along with intravenous ribavirin, followed by ribavirin doses intramuscularly every 8 h and with IFN-␣2b every 16 h until 72 h after infection ",0.009376105,0
12630,"Megestrol acetate (Ovaban, Intervet/ Schering-Plough Animal Health [Summit, NJ] and others) is effective for suppressing estrus in queens when given orally, starting in anestrus (2.5 to 5 mg/cat once daily for 5 days, then once weekly)",0.0031729105,0
12633,"Megestrol acetate is an orally administered, synthetic, progestational agent initially used to increase the appetite of patients with cancer",0.0016223445,0
12636,"Melengestrol acetate (MGA), a feed additive commonly fed to feedlot heifers to suppress estrus, has been associated with AIP based on epidemiologic evidence",0.0018980381,1
12737,Methylprednisolone acetate (5 mg/kg) was administered twice intramuscularly at a 3-week interval to 10 randomly selected cats from the project; eight cohort cats were given saline (Table 1 ),0.0020720903,0
12776,"Metronidazole is frequently prescribed, however there is no evidence supporting its use, which could actually be associated with concerning gastrointestinal dysbiosis",0.97664124,1
12783,"Metronidazole, administered orally or intravenously (10 to 15 mg/kg, q 8 to 12 h), is indicated in clostridiosis cases",0.0017893184,0
12868,Mild fever may be treated with acetaminophen for few days.,0.0016801346,0
12869,"Mild or classic dengue is treated with antipyretic agents such as acetaminophen, bed rest, and fluid replacement (usually administered orally and only rarely parenterally)",0.0021997865,0
12960,"More importantly, EAE has led directly to the development of three therapies approved for use in MS: glatiramer acetate (copaxone), mitoxantrone, and natalizumab [103] ",0.0021076752,0
12978,"More recently (in December 2013), the HCV RNA polymerase inhibitor, sofosbuvir, received approval after showing that it could cure HCV infection in at least 90% of the treated patients, if properly combined with ribavirin or other more recently approved directly acting agents.",0.0028547659,0
12988,"More recently, CD8 T lymphocytes bearing the capacity to kill myelin specific CD4 T lymphocytes in a HLA-E restricted fashion were described (Correale and Villa 2008) especially in MS patients treated with glatiramer acetate, a synthetic copolymer of four amino acids (Tennakoon et al",0.0039878497,0
13003,"More severe cases can be treated with the diuretic acetazolamide, which causes increased urinary excretion of potassium",0.001649421,0
13205,"Murine interferon beta (IFNbeta) and Glatiramer acetate, as well as MTA were administered i.p",0.0017366831,0
13240,N-acetylcysteine is used to treat acetaminophen toxicity (see Chapter 31),0.0016393828,1
13283,"Neomycin (4 to 8 mg/kg PO, once) or metronidazole (low doses because of reduced hepatic metabolism (10 mg/kg PO q 12 h) may be administered to reduce enteric bacterial production of ammonia",0.002282991,0
13418,No treatments are licensed although acetaminophen or ibuprofen are often used for treating fever,0.9505533,0
13434,non-responders to betainterferon or glatiramer acetate therapy (n = 38 vs,0.007224161,0
13440,"Non-stimulated cells and cells treated with phorbol myristate acetate (PMA) (SIGMA-ALDRICH) and ionomycin (SIGMA-ALDRICH, Taufkirchen, Germany) or MVA F2L [26] [27] [28] [29] [30] [31] [32] [33] [34] peptide (F2L, SPGAAGYDL, Thermo Fisher Scientific, Planegg, Germany) [49] served as negative and positive controls, respectively",0.017949719,0
13466,"Nonstimulated cells were used as a mock control, and the positive controls cultures were treated with phorbol myristate acetate (PMA) and ionomycin (both from Sigma-Aldrich) or vaccinia virus (VACV)-specific CD8 T cell epitope, B8R 20-27 (TSYKFESV) [59] ",0.005163012,0
13467,"Nonsurgical ACTH is administered along with depot methylprednisolone acetate (DepoMedrol), osteonecrosis is reduced",0.0016397418,0
13521,"Novel methods to deliver antigen into the skin Various commercial patch delivery systems developed since 1981 have demonstrated the ability of certain therapeutic agents (eg, scopolamine, nitroglycerin, clonidine, estradiol, fentanyl, nicotine, testosterone) to diffuse passively into bare, untreated skin without the use of the active technologies or enhancers described in the following paragraphs",0.9691014,0
13854,"One of his children (patient 3, a nurse) gave him acetaminophen and aspirin for 3 days and then intravenously administered dexamethasone (4 mg) twice a day for 2 days",0.0018670976,0
13857,"One of the ""phobia subtype-specific"" loci involved in bloodletting/injury fears may carry a developmentally sensitive gene (existing in a stable polymorphism) in which the expression mechanism is gradually suppressed by pleiotropic androgens such as dehydroxyepiandrosterone sulfate (DHEA-S) and testosterone",0.004749095,1
14154,"Other cancer drugs: ■ Various hormones are used to control some tumours, especially in the case of breast (ethinyloestradiol, medroxyprogesterone, norethisterone or megestrol) and prostate cancers (diethylstilboestrol, fosfestrol) ■ Hormone antagonists are used in some tumours, such as breast (tamoxifen, toremifene, aminoglutethimide, anastrozole, letrozole, exemestane, trilostane, goserelin) and prostate cancers (buserelin, goserelin, leuprorelin, triptorelin, cyproterone acetate, flutamide, bicalutamide) ■ Antibodies made specifically to attach to cancer cells and linked to a toxin or radioactive substance can kill the cell ■ Gene therapy is being developed to replace damaged tumour suppressor genes, or otherwise influence cell activity",0.20954384,0
14296,"Our data indicate the potential of bezafibrate, medroxyprogesterone acetate and lycorine as novel therapy in chronic lymphocytic leukemia and have important implications for the reported potential of c-abl kinase inhibitors in this disease.",0.0021913971,0
14317,"Our patient is currently undergoing therapy with abatacept (CTLA-4 fusion protein), which has been reported to improve GLILD, splenomegaly and enteropathy in patients with CTLA-4 haploinsufficiency",0.0023798665,0
14387,Owners sometimes unwittingly administer acetaminophen to cats that seem to be in pain.,0.0016552063,0
14424,Pain can be treated with oral acetaminophen or codeine phosphate,0.001678351,0
14475,"Participants were assigned a '1' if they endorsed a history of each of the following medical conditions: cerebrovascular risk factors including hypertension, heart failure, COPD, anemia, diabetes; endocrine dysfunction including thyroid disease, testosterone therapy, estrogen therapy; kidney disease",0.023392335,0
14486,"Participants with symptoms were also asked about the number of days missed from work and any medications used to treat symptoms, (eg, aspirin, acetaminophen, vitamins, and cold formulas)",0.0018054163,0
14585,"Patients were excluded if they received any other chemotherapeutic medication during this time, oral prednisolone therapy was permitted.",0.0018212681,0
14592,"Patients were started on HAART immediately after confirmation of HIV-1 infection and were treated with 2 nucleoside reverse transcriptase inhibitors (zidovudine, lamivudine, didanosine, stavudine, and/or abacavir) plus 1 protease inhibitor (indinavir, nelfinavir, Kaletra (lopinavir + ritonavir), ritonavir, or amprenavir) or the nonnucleoside reverse transcriptase inhibitor nevirapine",0.06814919,0
14650,Patients with acute bronchitis that is suspected to be of viral origin are often treated with acetaminophen [4] and cough suppressants [3] for symptomatic relief,0.0017933248,0
14806,Peripheral blood mononuclear cells of patients with MS exacerbation have enhanced levels of Th17 cells (CCR6 + CD161 + ) when compared to patients treated with interferon (IFN)-b and glatiramer acetate [96],0.0026566423,0
14826,"PGCL1), in urine and their mRNAs in liver were higher in males than in females and were suppressed by orchidectomy and restored by testosterone treatment (T treatment)",0.0017723434,0
14840,"Pharyngitis usually is viral in origin and may be treated symptomatically with analgesics, such as acetaminophen or ibuprofen, to relieve pain of pharyngitis and promote oral hydration",0.0022961579,0
14989,"Potential mechanisms for hepatic injury involve a variety of possible insults, including direct effects of the virus or host immune response on liver cells, circulatory compromise, and/or hypoxia due to hypotension or localized vascular leakage inside the liver capsule, hepatotoxic effects of drugs such as acetaminophen or traditional herbal remedies, and tissue tropism of particular viral serotypes or genotypes.",0.008860825,1
14994,Potential therapeutics that have been reported to show anti-CHIKV activity in vitro range from known broadspectrum antivirals like chloroquine to novel strategies involving RNA silencing technology,0.0020064455,0
15081,"Premedication with intramuscular chlorpheniramine was administered, and 1-2 mL of sulfure hexafluoride microbubbles (SonoVue™) was injected around the tumour, followed by a local massage",0.0024896732,0
15160,"Progesterone compounds and androgenic compounds can suppress estrus but are not recommended, because of the wide range of severe side effects associated with their use",0.97580624,1
15318,Pyrantel pamoate (8-10 mg/kg PO q3 weeks x 3 treatments) is highly effective against both roundworms and hookworms and is cost-effective and easy to administer,0.00196635,0
15598,Reference Introduction Acetaminophen (APAP) is commonly administered in the surgical ICU (SICU) for its analgesic and antipyretic eff ects,0.0018549488,0
15635,"Relapsing and remitting MS patients are treated with a variety of disease-modifying agents, including interferon-γ, glatiramer acetate, natalizumab, and fingolimod; these agents reduce the frequency of relapses but do not reverse the acquired deficits, and they have unclear effects on disease progression",0.9863679,0
15714,"Results Eighty-fi ve patients were treated, acetaminophen was the dominant aetiology in the UK, 60%, and represented 34% in other centres",0.0016901457,0
16219,Sharp grade score can be used to predict treatment outcome in dogs treated with one hour 1% clotrimazole perendoscopic infusion,0.001646117,0
16355,"She was treated with steroids, cyclophosphamide, and hydroxychloroquine for 2 weeks",0.0016446492,0
16501,"Since the early 1990s, disease-modifying drugs have been introduced for the selective MS management, including IFN-β and glatiramer acetate (GA), which have become the standard treatment for relapsing/remitting MS [89] but in this paragraph we analyze, in detail, three domains of novel immune-mediated therapeutics used for MS; the first domain includes immunosuppressive/immunomodulator agents, such as mitoxantrone, laquinimod (ABR-215062, cladribine (Mylinax), and teriflunomide",0.016774477,0
16527,"sinensis attenuated acetaminophen-induced acute liver toxicity in HepG2 Cells and mice, and the related mechanisms is correlated to activating defensive genes and inhibiting pro-inflammatory mediators via suppressing JNK and p38 pathway.",0.0021159109,1
16865,"Study subjects may self administer medications such as acetaminophen, nonsteroidal anti-inflammatory drugs (NSAIDs), or antihistamines as required",0.0016442131,0
16917,"Successful therapies developed in the EAE model include glatiramer acetate (first line therapy), mitoxantrone and natalizumab (second line therapies: Kieseier and Hartung, 2003; Steinman and Zamvil, 2005) ",0.0025364752,0
16987,"Supportive care, lactulose, and a low-protein diet resulted in temporary clinical improvement in one of two foals that was treated, however the foal relapsed and was euthanized",0.0019249547,0
17005,"Suppression of MS disease activities by immunomodulatory drugs, such as glatiramer acetate, has also been associated with enhanced Th2 immune responses (Weber et al., 2007) ",0.002020972,0
17131,"Targacept is researching novel approaches to treat pain, including a 4 b 2 neuronal nicotinic acetylcholine receptors that are known to have pain-relieving effects in animals.",0.0019082051,0
17261,"The adaptive immune response is also suppressed by testosterone, mirrored by a reduced T cell proliferation and cytokine production (Olsen and Kovacs, 1996) , a lower proliferation of immature thymocytes, and accelerated thymic apoptosis (McMurray et al., 2001) , thereby inducing thymic atrophy (Chang et al., 2013; Olsen et al., 1991) ",0.009487053,0
17269,The addition of ribavirin (RBV) to peg-IFN improved SVR rates and became the mainstay of therapy,0.0017405959,0
17320,The anabolic steroid trenbolone acetate also is beneficial given in 30-mg doses administered intramuscularly (IM),0.0017335856,0
17440,The case records of cats treated with torasemide were reviewed,0.0015927198,0
17442,The cat had been treated for psychogenic alopecia with megestrol and methylprednisolone acetate and subsequently developed mammary masses,0.0017388089,1
17453,"The cat was hospitalized for 6 days and treated intravenously with: fluid therapy (Ringer's acetate), Metronidazole antibiotic (10 mg/kg bid -Deflamon 500 mg/100 mL), Enrofloxacin antibiotic (5 mg/kg sid -Baytril 50 mg/ml), S-Adenosylmethionine (20 mg/kg sid -Samyr 400 mg/ 5 ml)",0.006966029,0
17491,"The cats were administered acepromazine (Arovet AG, Zollikon, Switzerland, 0.01 mg/kg) and buprenorphine (Essex Chemie, Switzerland, 0.01 mg/kg) intramuscularly, followed by an intravenous injection of propofol (Fresenius, Bad Homburg, Germany; induction 5 mg/kg; maintenance 1 mg/kg every 2 min)",0.009165187,0
17639,"The CTLA4-Ig fusion molecule abatacept, which is used to treat RA, also inhibits ATG-mediated antigen presentation by dendritic cells, suggesting that dampening autophagy is part of the mechanism of action of this drug (Alissafi et al., 2017) ",0.003040287,0
17675,"The current US-licensed second generation smallpox vaccine, ACAM2000, is also administered by skin scarification, a procedure that is believed to be partly responsible for the success of the global eradication of smallpox by provoking robust innate and adaptive immune responses [62] ",0.0026429987,0
17679,The daily hazard of death from DA for dogs treated with itraconazole was 5.7 (95% CI 1.7 to 19) times that of dogs that were treated with other anti-fungal treatment,0.0020271817,1
17680,The daily hazard of death from DA for dogs treated with terbinafine was 0.21 (95% CI 0.05 to 0.97) times that of dogs that were not treated with terbinafine.,0.9745379,0
17729,"The dog was treated with intravenous (IV) ringer acetate 100 ml/kg/hr for eight hours, thereafter 50 ml/kg/hr, enrofloxacin (Baytril, vet",0.0021044663,0
17800,The effectiveness of targeted Tamiflu treatment and prophylactic measures in containing emerging influenza viruses is largely overestimated owing to differences in patient response to drug treatment and diminished drug efficacy against escape mutants that arise in response to therapy,0.0033854751,0
17965,"The following day, each cat received an echocardiography before (time 0), and 1, 3, and 6 hours after a single dose of 1.25 mg of pimobendan administered orally.",0.0018938167,0
18264,The most common injectable disease-modifying therapies in RRMS include β-interferons 1a or 1b and glatiramer acetate,0.0017704791,0
18396,"The next morning, she sought medical attention and was prescribed chlorpheniramine and acetaminophen",0.0015763697,0
18426,The objective of this study was to evaluate GV in cats receiving the GLP-1 analogue exenatide extended-release (EER) additionally to insulin therapy,0.0017904148,0
18534,"The patient was empirically treated for yellow fever with oral acetaminophen, an intravenous infusion of 5% glucose and a sodium chloride injection at a local hospital",0.0017110825,0
18821,"The protective role of B cells against IBV infections has been shown by selective experimental suppression with the chemical CY, the hormone testosterone propionate, or surgical bursectomy [10] ",0.0019320814,0
18895,"The remaining five successful patients had mild reactions which were treated symptomatically with acetaminophen, antihistamines or both",0.0016544327,0
19152,"The therapeutic effect of Glatiramer acetate (GA, Copaxoneâ) has been attributed to immunomodulation from inflammatory towards anti-inflammatory pathway",0.00190362,0
19396,"Theoretically efficacious treatments include the administration of oral rehydration therapy solutions that contain acetate and propionate, and the administration of parenteral B vitamins and fat-soluble vitamins in calves that have chronic diarrhea",0.0021348393,0
19673,"There is no doubt that acetaminophen and nonsteroidal antiinflammatories (NSAIDs), such as aspirin, ibuprofen, and naproxen, are effective in treating pain and fever that may accompany the common cold",0.9729004,0
19780,These animals also demonstrate increased bronchial reactivity to histamine or acetylcholine administered iv,0.0016624936,0
19805,"These countermeasures may include vaccinations or plans for provision of therapeutic treatments, such as oseltamivir or ciprofloxacin, should there be a high level of suspicion of the possibility of exposure",0.0022178423,0
19818,"These drugs -corticosteroids, chlorpheniramine, acetaminophen, ondansetron, metaraminol, methylprednisolene, and the anti-IL2 receptor antagonist antibody -could be administered safely to healthy subjects at low dosages for short periods of time",0.003318981,0
19862,These murine investigations have demonstrated that: (a) Testosterone therapy induces a precipitous decrease in the extent of lymphocyte infiltration in lacrimal tissue,0.001688223,1
19912,"These strategies, which are based upon the recognition that the endocrine, neural, and immune systems interact through extensive, regulatory pathways (90, 98-1011, are: (a) Administration of testosterone analogues with attenuated virilizing properties may directly suppress lacrimal gland immunopathology, thereby inhibiting immune-mediated destruction of acinar and ductal cells and alleviating the infiltrate-induced compression of glandular ducts",0.012680272,1
20031,"This case series illustrates the therapeutic interest of torasemide in cats, which needs to be confirmed by further prospective clinical trials.",0.0016685495,0
20331,"Tigecycline and daptomycin have been prescribed at the NTUH since 2007 and 2009, respectively",0.0016565565,0
20613,"To test the effect of early life antibiotic exposure to the microbiota and subsequent allergic asthma susceptibility Russell et al., treated neonatal mice with clinical doses of Vancomycin and Streptomycin",0.0018817649,0
20754,Treat as acute GAS pharyngitis with amoxicillin or penicillin (or an alternative agent) each time a test is positive; this will prevent ARF if the GAS identified has been newly acquired,0.0021668896,0
21097,"Treatment with vildagliptin for 4 weeks in patients with type 2 diabetes improved forearm blood vasodilator responses to intra-arterially administered acetylcholine, but not to sodium nitroprusside [30] ",0.9757801,0
21174,"Twelve out of 14 cats (85.7%) developed GIH or GIDM within 3 months after the initiation of prednisolone therapy, the remaining two cats developed GIDM after 27 and 32 months",0.0020289556,1
21189,Twenty-four dogs (89%) were treated with itraconazole as first-line treatment (single agent in 12 dogs),0.0015916388,0
21262,Two steroids (progesterone and testosterone) were similarly administered,0.0015116998,0
21277,"Type I IFNs, prostaglandin I2, corticosteroids, and testosterone have been reported to suppress ILC2 activity (172, 173) ",0.0017176404,0
21547,"Warfarin has two enantiomers, R-warfarin and S-warfarin, which are substrates of CYP3A4 (R-warfarin), CYP1A2 (R-warfarin), and CYP2C9 (S-warfarin Gastrointestinal In patients with AIDSassociated dementia ADC taking optimal stable background antiretroviral therapy including either abacavir or placebo there was significantly more nausea in those who took abacavir (40 c ).",0.008366841,0
21554,"Warmed Ringer acetate solution (Fresenius Kabi, Sweden) was administered IV at a rate of 20 mL/kg BW/h.",0.0017499577,0
21586,"We collected for each patient the GBS, the blood lactate value on arrival in the ED, the blood lactate value after bolus administration of 20 to 40 ml/kg Ringer's acetate (initial fl uid therapy) and the report of urgent endoscopy",0.0035156403,0
21640,"We have also shown that untreated MS patients show an overall deficit in the immune suppressive ability of CD8+ T-cells, which is corrected following glatiramer acetate (Copaxone) therapy.",0.0019783974,0
21714,"We present current disease-modifying therapies (interferons, glatiramer acetate, dimethyl fumarate, teriflunomide, fingolimod, mitoxantrone), humanized monoclonal antibodies (natalizumab, ofatumumab, ocrelizumab, alemtuzumab, daclizumab) and emerging immune modulating approaches (stem cells, DNA vaccines, nanoparticles, altered peptide ligands) for the treatment of MS.",0.012054749,0
21777,"We treated 27 MSF patients with doxycycline 2)/100 mg/day, 25 patients with clarithromycin 2)/250 mg/day, as well as 25 patients with midecamycin 2)/400 mg/day and midecamycin acetate 30 mg/kg/day",0.0029400566,0
21904,"When mice were administered prednisolone for 27 days, increased metaphyseal apoptotic activity of both osteoblasts and osteoclasts were noted",0.001905799,0
21954,"When the patients began to experience adverse side effects, clinicians treated the subjects with corticosteroids, chlorpheniramine, acetaminophen, ondansetron, metaraminol, methylprednisolene, and an anti-IL2 receptor antagonist antibody",0.00304032,0
22132,"With the treatment of HC aqueous extract (2 g/l) showed suppressing CYP2E1 activity and reversing of antioxidant enzymes like hepatic GSH, catalase, SOD, GPx activity along with decrease ROS, lipid peroxidation, oxidized glutathione (GSSG) in acetaminophen-induced BALB/cA mice (Chen et al., 2014b) ",0.0059585404,1
22203,You may administer pediatric acetaminophen to control the temperature.,0.0015886871,0
22239, Leuprolide acetate has been experimentally shown to suppress the ability of the pituitary-gonadal system to secrete gonadotropin and testosterone for over 5 weeks; similar to deslorelin because it may be useful in rats that cannot undergo ovariectomy • Melatonin induces apoptosis of rat prolactin-secreting tumors,0.91384566,0
